"manual_id","volunteer_id"
8010,1085
8010,1087
8010,1089
8010,1090
8010,1091
8010,1092
8010,1093
8010,1094
8010,1099
8010,1034
8010,1035
8010,1049
8010,1054
8010,1046
8010,1047
8010,1048
8010,1061
8010,1062
8010,1063
8010,1051
8010,1053
8010,1033
8010,1107
8010,1108
8010,1100
8010,1101
8010,1102
8010,1103
8010,1106
8010,1065
8010,1066
8010,1067
8010,1068
8010,1069
8011,1096
8011,1097
8011,1007
8011,1036
8011,1037
8011,1038
8011,1040
8011,1042
8011,1043
8011,1044
8011,1081
8011,1064
8011,1078
8011,1079
8011,1082
8011,1083
8011,1055
8011,1057
8011,1058
8011,1059
8011,1060
8011,1109
8011,1110
8011,1111
8011,1112
8011,1113
8011,1114
8011,1115
8012,1096
8012,1097
8012,1007
8012,1036
8012,1037
8012,1038
8012,1040
8012,1042
8012,1043
8012,1044
8012,1081
8012,1064
8012,1078
8012,1079
8012,1082
8012,1083
8012,1055
8012,1057
8012,1058
8012,1059
8012,1060
8012,1109
8012,1110
8012,1111
8012,1112
8012,1113
8012,1114
8012,1115
8013,1095
8013,1096
8013,1097
8013,1006
8013,1009
8013,1007
8013,1036
8013,1037
8013,1038
8013,1039
