"volunteer_id","role_id"
1095,1
1096,1
1097,1
1084,2
1085,2
1087,2
1088,2
1089,2
1090,2
1091,2
1092,2
1093,2
1094,2
1086,2
1098,1
1099,1
1001,3
1071,3
1072,3
1073,3
1074,3
1075,3
1076,3
1070,3
1077,4
1002,4
1003,4
1004,4
1005,4
1006,4
1009,4
1007,4
1036,3
1037,3
1038,3
1008,2
1011,2
1012,2
1013,2
1039,3
1040,3
1041,2
1042,2
1034,3
1035,3
1043,2
1044,2
1010,2
1014,2
1015,2
1016,2
1049,2
1054,3
1017,2
1018,2
1019,2
1020,2
1021,2
1022,1
1023,1
1024,1
1025,1
1026,1
1027,1
1028,1
1029,1
1081,1
1030,1
1031,1
1032,1
1046,3
1047,3
1048,3
1061,3
1062,3
1063,3
1064,4
1078,4
1079,4
1080,4
1082,1
1083,1
1051,2
1053,2
1045,3
1050,3
1052,3
1033,3
1055,3
1056,3
1057,3
1058,3
1059,3
1060,3
1107,1
1108,1
1100,1
1101,1
1102,1
1103,1
